{"cameraMode":{"drawMode":0,"name":"Shaded","section":"Shading Mode"},"sceneLighting":true,"audioPlay":false,"sceneViewState":{"m_AlwaysRefresh":false,"showFog":true,"showSkybox":true,"showFlares":true,"showImageEffects":true,"showParticleSystems":true,"showVisualEffectGraphs":true,"m_FxEnabled":true},"in2DMode":false,"pivot":{"x":0.11717212200164795,"y":2.314216136932373,"z":-1.7535457611083985},"rotation":{"x":0.024414006620645524,"y":-0.9737163186073303,"z":0.18776962161064149,"w":0.12660445272922517},"size":1.1639587879180909,"orthographic":true}