{"cameraMode":{"drawMode":0,"name":"Shaded","section":"Shading Mode"},"sceneLighting":true,"audioPlay":false,"sceneViewState":{"m_AlwaysRefresh":false,"showFog":true,"showSkybox":true,"showFlares":true,"showImageEffects":true,"showParticleSystems":true,"showVisualEffectGraphs":true,"m_FxEnabled":true},"in2DMode":false,"pivot":{"x":43.755409240722659,"y":147.33714294433595,"z":183.81826782226563},"rotation":{"x":0.03649453818798065,"y":-0.9457558989524841,"z":0.30190911889076235,"w":0.11432330310344696},"size":9.042716979980469,"orthographic":true}